"district","n","mean","median","standard_deviation","Q1","Q3","IQR","minimum","maximum"
"Agbangninzoun",1,28,28,NA,28,28,0,28,28
"Athiémé",2,17,17,2.82842712474619,16,18,2,15,19
"Bohicon",12,20.0833333333333,15,17.5367579326362,10.25,24.75,14.5,3,69
"Dassa",19,41.5263157894737,27,47.0110724794969,19,38.5,19.5,11,221
"Djidja",21,29.4285714285714,22,24.0677614841336,15,35,20,8,108
"Dogbo",5,29.4,32,13.9749776386225,23,38,15,9,45
"Glazoué",50,39.18,35.5,24.2829326138037,20.25,50,29.75,8,114
"Kpomasse",4,34,30.5,30.9515750810843,9,55.5,46.5,6,69
"Kétou",6,73.1666666666667,72,43.3239733480975,47.5,106.25,58.75,12,126
"N'dali",28,26.1428571428571,22.5,17.292075439804,9.75,36.25,26.5,4,67
"Toffo",16,16.1875,15.5,6.88204184817268,10,19.75,9.75,6,30
"Tori",12,17.5,14.5,9.65307299163423,12.75,20,7.25,8,45
"Zogbodomey",35,17.9142857142857,16,12.3344840102178,9,21.5,12.5,4,60
